{
    // See https://go.microsoft.com/fwlink/?LinkId=733558
    // for the documentation about the tasks.json format
    "version": "2.0.0",
    "tasks": [
        {
            "label": "verify",
            "type": "shell",
            "command": "mvn -B verify",
            "group": "build",
            "problemMatcher": [
                "$tsc-watch"
            ],
            "isBackground": true
        },
        {
            "label": "test",
            "type": "shell",
            "command": "mvn -B test",
            "group": {
                "kind": "build",
                "isDefault": true
            }
        }
    ]
}